{"indexes":[{"v":{"$numberInt":"2"},"key":{"_id":{"$numberInt":"1"}},"name":"_id_"},{"v":{"$numberInt":"2"},"key":{"username":{"$numberInt":"1"}},"name":"username_1","background":true,"unique":true},{"v":{"$numberInt":"2"},"key":{"fullname":{"$numberInt":"1"}},"name":"fullname_1","background":true},{"v":{"$numberInt":"2"},"key":{"email":{"$numberInt":"1"}},"name":"email_1","background":true,"unique":true},{"v":{"$numberInt":"2"},"key":{"accessToken":{"$numberInt":"1"}},"name":"accessToken_1","background":true,"sparse":true}],"uuid":"05b7cdb04fb94e169e75addb34b1d7ba","collectionName":"accounts","type":"collection"}