{"indexes":[{"v":{"$numberInt":"2"},"key":{"_id":{"$numberInt":"1"}},"name":"_id_"},{"v":{"$numberInt":"2"},"key":{"uid":{"$numberInt":"1"}},"name":"uid_1","background":true,"unique":true},{"v":{"$numberInt":"2"},"key":{"date":{"$numberInt":"1"}},"name":"date_1","background":true},{"v":{"$numberInt":"2"},"key":{"deleted":{"$numberInt":"1"}},"name":"deleted_1","background":true},{"v":{"$numberInt":"2"},"key":{"status":{"$numberInt":"1"}},"name":"status_1","background":true},{"v":{"$numberInt":"2"},"key":{"deleted":{"$numberInt":"-1"},"group":{"$numberInt":"1"},"status":{"$numberInt":"1"}},"name":"deleted_-1_group_1_status_1","background":true}],"uuid":"e55db3219fe44b78a632fdaf116dab79","collectionName":"tickets","type":"collection"}