{"indexes":[{"v":{"$numberInt":"2"},"key":{"_id":{"$numberInt":"1"}},"name":"_id_"},{"v":{"$numberInt":"2"},"key":{"name":{"$numberInt":"1"}},"name":"name_1","background":true},{"v":{"$numberInt":"2"},"key":{"slug":{"$numberInt":"1"}},"name":"slug_1","background":true,"unique":true},{"v":{"$numberInt":"2"},"key":{"module":{"$numberInt":"1"}},"name":"module_1","background":true},{"v":{"$numberInt":"2"},"key":{"created":{"$numberInt":"1"}},"name":"created_1","background":true},{"v":{"$numberInt":"2"},"key":{"updated":{"$numberInt":"1"}},"name":"updated_1","background":true}],"uuid":"34171b02df174a569f8a89b98f374da2","collectionName":"capabilities","type":"collection"}