{"indexes":[{"v":{"$numberInt":"2"},"key":{"_id":{"$numberInt":"1"}},"name":"_id_"},{"v":{"$numberInt":"2"},"key":{"question":{"$numberInt":"1"}},"name":"question_1","background":true},{"v":{"$numberInt":"2"},"key":{"answer":{"$numberInt":"1"}},"name":"answer_1","background":true},{"v":{"$numberInt":"2"},"key":{"seq_no":{"$numberInt":"1"}},"name":"seq_no_1","background":true},{"v":{"$numberInt":"2"},"key":{"created":{"$numberInt":"1"}},"name":"created_1","background":true},{"v":{"$numberInt":"2"},"key":{"updated":{"$numberInt":"1"}},"name":"updated_1","background":true}],"uuid":"77d2ed4f234d46e6a536396a01c9451e","collectionName":"faqs","type":"collection"}