{"indexes":[{"v":{"$numberInt":"2"},"key":{"_id":{"$numberInt":"1"}},"name":"_id_"},{"v":{"$numberInt":"2"},"key":{"name":{"$numberInt":"1"}},"name":"name_1","background":true},{"v":{"$numberInt":"2"},"key":{"code":{"$numberInt":"1"}},"name":"code_1","background":true,"unique":true},{"v":{"$numberInt":"2"},"key":{"url":{"$numberInt":"1"}},"name":"url_1","background":true,"unique":true},{"v":{"$numberInt":"2"},"key":{"created":{"$numberInt":"1"}},"name":"created_1","background":true},{"v":{"$numberInt":"2"},"key":{"updated":{"$numberInt":"1"}},"name":"updated_1","background":true}],"uuid":"76f1389b60224209a47a0db2a9cead56","collectionName":"pages","type":"collection"}