{"indexes":[{"v":{"$numberInt":"2"},"key":{"_id":{"$numberInt":"1"}},"name":"_id_"},{"v":{"$numberInt":"2"},"key":{"name":{"$numberInt":"1"}},"name":"name_1","background":true},{"v":{"$numberInt":"2"},"key":{"slug":{"$numberInt":"1"}},"name":"slug_1","background":true,"unique":true},{"v":{"$numberInt":"2"},"key":{"created":{"$numberInt":"1"}},"name":"created_1","background":true},{"v":{"$numberInt":"2"},"key":{"updated":{"$numberInt":"1"}},"name":"updated_1","background":true}],"uuid":"c1f96320456a4013a35e1850fda4e562","collectionName":"roles","type":"collection"}