{"indexes":[{"v":{"$numberInt":"2"},"key":{"_id":{"$numberInt":"1"}},"name":"_id_"},{"v":{"$numberInt":"2"},"key":{"title":{"$numberInt":"1"}},"name":"title_1","background":true},{"v":{"$numberInt":"2"},"key":{"code":{"$numberInt":"1"}},"name":"code_1","background":true,"unique":true},{"v":{"$numberInt":"2"},"key":{"created":{"$numberInt":"1"}},"name":"created_1","background":true},{"v":{"$numberInt":"2"},"key":{"updated":{"$numberInt":"1"}},"name":"updated_1","background":true}],"uuid":"bb45632a43a64ec884c36c1d85579cf4","collectionName":"system_emails","type":"collection"}