{"indexes":[{"v":{"$numberInt":"2"},"key":{"_id":{"$numberInt":"1"}},"name":"_id_"},{"v":{"$numberInt":"2"},"key":{"title":{"$numberInt":"1"}},"name":"title_1","background":true},{"v":{"$numberInt":"2"},"key":{"priority":{"$numberInt":"1"}},"name":"priority_1","background":true},{"v":{"$numberInt":"2"},"key":{"deleted":{"$numberInt":"1"}},"name":"deleted_1","background":true},{"v":{"$numberInt":"2"},"key":{"machineName":{"$numberInt":"1"}},"name":"machineName_1","background":true,"unique":true,"partialFilterExpression":{"deleted":{"$eq":null}}},{"v":{"$numberInt":"2"},"key":{"form":{"$numberInt":"1"}},"name":"form_1"}],"uuid":"bd587fc1a4624f8db24bbea411f74743","collectionName":"actions","type":"collection"}