{"indexes":[{"v":{"$numberInt":"2"},"key":{"_id":{"$numberInt":"1"}},"name":"_id_"},{"v":{"$numberInt":"2"},"key":{"form":{"$numberInt":"1"}},"name":"form_1","background":true},{"v":{"$numberInt":"2"},"key":{"handler":{"$numberInt":"1"},"method":{"$numberInt":"1"},"deleted":{"$numberInt":"1"},"modified":{"$numberInt":"-1"}},"name":"handler_1_method_1_deleted_1_modified_-1","background":true},{"v":{"$numberInt":"2"},"key":{"modified":{"$numberInt":"1"}},"name":"modified_1","background":true},{"v":{"$numberInt":"2"},"key":{"state":{"$numberInt":"1"},"deleted":{"$numberInt":"1"},"modified":{"$numberInt":"-1"}},"name":"state_1_deleted_1_modified_-1","background":true},{"v":{"$numberInt":"2"},"key":{"handler":{"$numberInt":"1"},"deleted":{"$numberInt":"1"},"modified":{"$numberInt":"-1"}},"name":"handler_1_deleted_1_modified_-1","background":true},{"v":{"$numberInt":"2"},"key":{"created":{"$numberInt":"1"}},"name":"created_1","background":true},{"v":{"$numberInt":"2"},"key":{"_ts":{"$numberInt":"1"}},"name":"_ts_1","background":true,"expireAfterSeconds":{"$numberInt":"2592000"}},{"v":{"$numberInt":"2"},"key":{"submission":{"$numberInt":"1"}},"name":"submission_1","background":true}],"uuid":"d7a52763bc76434b98bf71e2352d288c","collectionName":"actionitems","type":"collection"}