{"indexes":[{"v":{"$numberInt":"2"},"key":{"_id":{"$numberInt":"1"}},"name":"_id_"},{"v":{"$numberInt":"2"},"key":{"machineName":{"$numberInt":"1"}},"name":"machineName_1","background":true,"unique":true,"partialFilterExpression":{"deleted":{"$eq":null}}},{"v":{"$numberInt":"2"},"key":{"access.id":{"$numberInt":"1"}},"name":"access.id_1"},{"v":{"$numberInt":"2"},"key":{"name":{"$numberInt":"1"},"deleted":{"$numberInt":"1"}},"name":"name_1_deleted_1","background":true},{"v":{"$numberInt":"2"},"key":{"owner":{"$numberInt":"1"}},"name":"owner_1"},{"v":{"$numberInt":"2"},"key":{"created":{"$numberInt":"1"}},"name":"created_1","background":true},{"v":{"$numberInt":"2"},"key":{"path":{"$numberInt":"1"}},"name":"path_1"},{"v":{"$numberInt":"2"},"key":{"tags":{"$numberInt":"1"}},"name":"tags_1","background":true},{"v":{"$numberInt":"2"},"key":{"version":{"$numberInt":"1"}},"name":"version_1"},{"v":{"$numberInt":"2"},"key":{"modified":{"$numberInt":"1"}},"name":"modified_1","background":true},{"v":{"$numberInt":"2"},"key":{"project":{"$numberInt":"1"}},"name":"project_1"},{"v":{"$numberInt":"2"},"key":{"type":{"$numberInt":"1"}},"name":"type_1"},{"v":{"$numberInt":"2"},"key":{"name":{"$numberInt":"1"}},"name":"name_1"},{"v":{"$numberInt":"2"},"key":{"type":{"$numberInt":"1"},"deleted":{"$numberInt":"1"},"modified":{"$numberInt":"-1"}},"name":"type_1_deleted_1_modified_-1","background":true},{"v":{"$numberInt":"2"},"key":{"deleted":{"$numberInt":"1"}},"name":"deleted_1","background":true}],"uuid":"8f127387990a4b85a6548f382fd7947b","collectionName":"forms","type":"collection"}