{"indexes":[{"v":{"$numberInt":"2"},"key":{"_id":{"$numberInt":"1"}},"name":"_id_"},{"v":{"$numberInt":"2"},"key":{"key":{"$numberInt":"1"}},"name":"key_1","background":true},{"v":{"$numberInt":"2"},"key":{"created":{"$numberInt":"1"}},"name":"created_1","background":true},{"v":{"$numberInt":"2"},"key":{"modified":{"$numberInt":"1"}},"name":"modified_1","background":true},{"v":{"$numberInt":"2"},"key":{"expireAt":{"$numberInt":"1"}},"name":"expireAt_1","background":true,"expireAfterSeconds":{"$numberInt":"0"}}],"uuid":"2285176957604a2ab523c0caab572599","collectionName":"tokens","type":"collection"}