{"indexes":[{"v":{"$numberInt":"2"},"key":{"_id":{"$numberInt":"1"}},"name":"_id_"},{"v":{"$numberInt":"2"},"key":{"project":{"$numberInt":"1"}},"name":"project_1"},{"v":{"$numberInt":"2"},"key":{"title":{"$numberInt":"1"}},"name":"title_1","background":true},{"v":{"$numberInt":"2"},"key":{"created":{"$numberInt":"1"}},"name":"created_1","background":true},{"v":{"$numberInt":"2"},"key":{"modified":{"$numberInt":"1"}},"name":"modified_1","background":true},{"v":{"$numberInt":"2"},"key":{"machineName":{"$numberInt":"1"}},"name":"machineName_1","background":true,"unique":true,"partialFilterExpression":{"deleted":{"$eq":null}}}],"uuid":"efa479319f5a4bfd86460fe32b27e58c","collectionName":"roles","type":"collection"}