{"indexes":[{"v":{"$numberInt":"2"},"key":{"_id":{"$numberInt":"1"}},"name":"_id_"},{"v":{"$numberInt":"2"},"key":{"deleted":{"$numberInt":"1"}},"name":"deleted_1","background":true},{"v":{"$numberInt":"2"},"key":{"form":{"$numberInt":"1"},"deleted":{"$numberInt":"1"},"created":{"$numberInt":"-1"}},"name":"form_1_deleted_1_created_-1","background":true},{"v":{"$numberInt":"2"},"key":{"externalIds.created":{"$numberInt":"1"}},"name":"externalIds.created_1","background":true},{"v":{"$numberInt":"2"},"key":{"created":{"$numberInt":"1"}},"name":"created_1","background":true},{"v":{"$numberInt":"2"},"key":{"modified":{"$numberInt":"1"}},"name":"modified_1","background":true},{"v":{"$numberInt":"2"},"key":{"form":{"$numberInt":"1"}},"name":"form_1"},{"v":{"$numberInt":"2"},"key":{"roles":{"$numberInt":"1"}},"name":"roles_1"},{"v":{"$numberInt":"2"},"key":{"externalIds.modified":{"$numberInt":"1"}},"name":"externalIds.modified_1","background":true},{"v":{"$numberInt":"2"},"key":{"access.id":{"$numberInt":"1"}},"name":"access.id_1"},{"v":{"$numberInt":"2"},"key":{"owner":{"$numberInt":"1"}},"name":"owner_1"},{"v":{"$numberInt":"2"},"key":{"form":{"$numberInt":"1"},"deleted":{"$numberInt":"1"}},"name":"form_1_deleted_1","background":true}],"uuid":"f8bbeb3ed9404252a123e6ce86ffc3ee","collectionName":"submissions","type":"collection"}